{"colors": [["#080606", 0.9417353427734523], ["#635751", 0.035043785760900906], ["#ead9b9", 0.023220871465646768]], "class_predicted": 8, "score": 0.9914104342460632, "image_path": "segmented_images/images/001099_8.jpg"}